{
    "Statement": [
      {
        "Sid": "WhitelistedGet",
        "Effect": "Allow",
        "Principal": {
          "AWS": [
            "<REPLACE WITH The ARN of the CODEBUILD role>",
            "<REPLACE WITH THE The ARN of the CODEPIPELINE role>"
          ]
        },
        "Action": [
          "s3:GetObject",
          "s3:GetObjectVersion",
          "s3:GetBucketVersioning"
        ],
        "Resource": [
          "arn:aws:s3:::<REPLACE WITH THE S3 Bucket name>/*",
          "arn:aws:s3:::<REPLACE WITH THE S3 Bucket name>"
        ]
      },
      {
        "Sid": "WhitelistedPut",
        "Effect": "Allow",
        "Principal": {
          "AWS": [
            "<REPLACE WITH The ARN of the CODEBUILD role>",
            "<REPLACE WITH THE The ARN of the CODEPIPELINE role>"
          ]
        },
        "Action": "s3:PutObject",
        "Resource": [
          "arn:aws:s3:::<REPLACE WITH THE S3 Bucket name>/*",
          "arn:aws:s3:::<REPLACE WITH THE S3 Bucket name>"
        ]
      }
    ]
}