{
  "name": "MobAppCodeBuildProject_Builder",
  "description":"Compile mobile apps",
  "source": {
    "type": "CODEPIPELINE",
    "buildspec": "https://git-codecommit.us-west-2.amazonaws.com/v1/repos/MyFirstMobileApp-Repo/Resources-AWS/buildspec.yml"
  },
  "artifacts": {
    "type": "CODEPIPELINE"
  },
  "environment": {
    "computeType": "BUILD_GENERAL1_SMALL",
    "image": "aws/codebuild/android-java-8:24.4.1",
    "type": "LINUX_CONTAINER"
  },
  "serviceRole": "<REPLACE WITH The ARN of the CODEBUILD role>"
}

