{
  "name": "MobAppCodeBuildProject_Deliver",
  "description":"Deliver App compile to S3 bucket",
  "source": {
    "type": "CODEPIPELINE",
    "buildspec": "https://git-codecommit.us-west-2.amazonaws.com/v1/repos/MyFirstMobileApp-Repo/Resources-AWS/buildspec_d.yml"
  },
  "artifacts": {
    "type": "CODEPIPELINE"
  },
  "environment": {
    "computeType": "BUILD_GENERAL1_SMALL",
    "image": "aws/codebuild/android-java-8:24.4.1",
    "type": "LINUX_CONTAINER"
  },
  "serviceRole": "arn:aws:iam::962301166545:role/MobAppServiceCodeBuildServiceRole"
}