{
  "pipeline": {
      "name": "MobAppCICDPipeline",
      "roleArn": "<REPLACE WITH The ARN of the CODEPIPELINE role>",
      "stages": [
        {
          "name": "Source",
          "actions": [
            {
              "inputArtifacts": [
              ],
              "name": "SourceAction",
              "actionTypeId": {
                "category": "Source",
                "owner": "AWS",
                "version": "1",
                "provider": "CodeCommit"
              },
              "outputArtifacts": [
                {
                  "name": "SourceBundle"
                }
              ],
              "configuration": {
                "BranchName": "master",
                "RepositoryName": "MyFirstMobileApp-Repo"
              },
              "runOrder": 1
            }
          ]
        },
        {
          "name": "Build",
          "actions": [
            {
              "name": "CodeBuild",
              "actionTypeId": {
                "category": "Build",
                "owner": "AWS",
                "version": "1",
                "provider": "CodeBuild"
              },
              "outputArtifacts": [
                {
                  "name": "buildArtifact"
                }
              ],
              "inputArtifacts": [
                {
                  "name": "SourceBundle"
                }
              ],
              "configuration": {
                "ProjectName": "MobAppCodeBuildProject_Builder"
              },
              "runOrder": 1
            }
          ]
        },
        {
            "name": "Test",
            "actions": [
              {
                "inputArtifacts": [
                  {
                    "name": "buildArtifact"
                  }
                ],
                "name": "testApp",
                "actionTypeId": {
                  "category": "Test",
                  "owner": "AWS",
                  "version": "1",
                  "provider": "DeviceFarm"
                },

                "configuration": {
                  "RecordAppPerformanceData": "true",
                  "AppType": "Android",
                  "ProjectId": "<REPLACE PROJECT ID, should be like :756cd357-1f98-41ae-a401-XXXXXXXXX>",
                  "App": "app/build/outputs/apk/debug/app-debug.apk",
                  "RadioBluetoothEnabled": "true",
                  "RecordVideo": "true",
                  "RadioWifiEnabled": "true",
                  "RadioNfcEnabled": "true",
                  "RadioGpsEnabled": "true",
                  "Test": "tests.zip",
                  "DevicePoolArn": "< REPLACE DEVICEPOOL ARN >",
                  "TestType": "INSTRUMENTATION"
                },
                "runOrder": 1
              }
            ]
          },
          {
            "name": "Deliver",
            "actions": [
              {
                "name": "CopyApkToS3",
                "actionTypeId": {
                  "category": "Build",
                  "owner": "AWS",
                  "version": "1",
                  "provider": "CodeBuild"
                },
                "outputArtifacts": [
                  {
                    "name": "buildArtifactS3"
                  }
                ],
                "inputArtifacts": [
                  {
                    "name": "SourceBundle"
                  }
                ],
                "configuration": {
                  "ProjectName": "MobAppCodeBuildProject_Deliver"
                },
                "runOrder": 1
              }
            ]
          }
      ],
      "artifactStore": {
        "type": "S3",
        "location": "my-mobile-app-jah-repo"
      }
  }
}